Filename,Keywords
SP,"jmaxp,do_not_allocate_arrays_with_dynamic_memory_and_as_single_dimension,defined,wm1,xxcon5,t_xsolve,exact_solution,jmax,xxcon1,xxcon4,imaxp,lhsp,t_zsolve,z_solve,class_npb,xxcon3,error_norm,x_solve,vm1,t_add,dnzm1,tz1,define,problem_size,add,t_rdis1,wp1,t_rhsx,imax,lhsm,xxcon2,t_ysolve,adding,rhs_norm,j1,c2dttz1,dttz1,components,j2,dz1tz1,code,t_rhs,c2dttx1,compute_rhs,compiled,set_constants,parameters,tz3,y_solve,dz5tz1,t_txinvr,jp1,compiletime,con16,t_rdis2,tmax,dz4tz1,prototypes,yycon5,solution,t_tzetar,mflops,dnxm1,conz1,dy5ty1,12x12x12,problem,t_total,dz5,con43,include,solve,dy3ty1,computation,im1,conditions,yycon4,dy4ty1,c5dssp,dz4,t_rhsz,dz3tz1,rhsx,dz3,jm1,addition,dttz2,comz5,dx5tx1,systems,dx1tx1,comz4,c4dssp,algorithm,dx4tx1,dx3tx1,dzmax,dy5,dz2tz1,102x102x102,zzcon5,dtty1,1020x1020x1020,yycon3,tz2,yycon1,zzcon1,comz6,t3,redist2,dttx1,lhs,compilerversion,redist1,kmax,dy1ty1,162x162x162,t_rhsy,dtdssp,xcr,dx2tx1,dx1,3d,zzcon4,dz1,dy1,npbparams,inputsp,dy4,t_ninvr,dttx2,dy2ty1,t1,class,dnym1,function,compute,dy3,t_pinvr,tx1,using,exact_rhs,dx5,rho_inv,xsolve,zzcon3,setting,2d,dtty2,dx4,c2dtty1,4dx,sub,rms,ru1,1d,r5,tx3,kp1,comz1,n3,dz2,dx3,dxmax,set,nx2,5d,reference,t2,c1c5,rho_i,dy2,dt_default,km1,vp1,ww,36x36x36,i1,rhs,lf,r4,4d,iterations,cs5,ty3,initializes,r1,factorization,dx2,tx2,npbversion,provided,c5,xcedif,c3c4ty3,fac2,c3c4tx3,section,c4,xcrref,162,defaults,ix,c2iv,dymax,zzcon2,u_exact,yycon2,i2,cs4,boundaries,complete,ws,grids,cs1,btuz,c3c4tz3,field,xvel,3f,408x408x408,25,cs3,c2,serial,k1,error,grid_points,c1,r3,elements,entries,um1,grid,qs,int,niter_default,interpolated,5e,linear,cs2,xcrdif,computes,c3,initialize,c3c4,norms,nz2,routine,variables,ty2,ty1,0e,05,exists,pface,dtpp,nonzero,step,fluxes,cs6,174,version,gridsize,dssp,substitution,c1345,flux,ip1,txinvr,processor,36,initializing,bit,interpolation,mode,zsolve,element,pxi,simple,1495317020012e,ny2,term,c1c2,failure,xceref,boundary,20,2f,density,based,yvel,ysolve,separately,fac1,0d,variable,epsilon,elimination,including,used,64,peta,4806073419454e,rhoq,1022827905670e,hpp,t_names,vv,12,k2,3293829191851e,endif,11,6f,norm,reinitialize,r2,sizeof,multiplication,xi,values,uzik1,remaining,64x64x64,1083734951938e,t_last,1717075447775e,dtemp,transfinite,kinetic,13,level,6235745065095532e,static,2598120500183e,steps,14,file,eigenvalue,rhsz,lines,data,10,need,make,1720597911692e,forcing,factors,102,xce,7588412036136e,03,rhos,dt,main,no_time_steps,simultaneously,fp,global,void,npb,available,computed,1049092285688e,5881691581829e,timer_start,convenient,point,matrix,uijk,1292113035138280,sqrt,11484,bt,02,1893253733584e,13e,c_print_results,3143611161242e,1020,1694479428231e,thomas,15,5323514855894e,cases,forward,tzetar,9810006190188e,rhon,dissipation,ac,8s,04,eta,10e,starters,fclose,tri,zsol,rhsy,4177666183390531e,approximate,zvel,cpp,result,pinvr,timer_clear,total,sp,benchmarks,vijk,square,ac2u,perform,tolerance,backsubstitution,subroutine,argv,1164108338568e,01,fgetc,lhsinitj,iz,1536963126457e,cell,zeta,unknown,block,residuals,4217816211695179,00,argc,4648680733032e,3621613399213001e,direction,failed,5132886416320e,value,face,exact,energy,3081924971891e,1212845639773e,common,residual,secs,sizes,1575330146156e,0364446640837285e,pzeta,parallel,input,ce,fourth,ue,size,vs,7343951769282091e,floating,400,timeron,4770412841218e,4849040609362460e,redist,false,1276337964368832,6512852253086e,double,100,ac2inv,output,different,7289258557377227e,difference,7470315451339479e,hand,timer_read,sign,2347595750586e,7542088599534e,west,uu,75,4238923283697e,1187051008971e,differences,niter,known,8e,50d,08,5750704994480102e,zap,overkill,test,inversion,array,5483377491301e,fscanf"
Blacksholes,"european,derivatives,analytical,calculations,optiondata,nprimex,optionprice,options,stdlib,__parsec_blackscholes,derivagem,__parsec_bench_end,__parsec_bench_begin,icc,optiontype,compute,futurevaluex,edition,source,stdio,cndf,accuracy,option,method,calculation,cumulative,optiondata_,inputx,init,2007,__parsec_roi_end,fscanf,include,calculating,reference,computed,mainwork,benchmark,xpowerterm,xnprimeofx,struct,xlocal_3,5f,calculate,based,stderr,xk2_5,xk2_3,futures,parsec,blkschlseqeuronodiv,__parsec_roi_begin,xriskfreerate,xstockprice,copyright,lpvoid,parsec_version,pricedelta,intel,bs_thread,xk2_4,xsqrttime,dgrefval,ifdef,err_chk,enable_parsec_hooks,main_initenv,outputx,multi,main,typedef,dword,input,printf,numerror,3rd,xlogterm,following,numoptions,fptype,section,suite,waitformultipleobjects,data,errors,3mos,pragma,std,function,precision,scholes,64,319381530,risk,prentice,main_env,xlocal,fprintf,xlocal_2,__threadp,__parsec_xstring,xlocal_1,xk2,xstrikeprice,lib,affinity_partitioner,int,expvalues,inputfile,version,distribution,4305,6mos,d2,inv_sqrt_2xpi,fclose,alloc,tbb,prices,sptprice,equation,xvolatility,omp_set_num_threads,xk2_2,const,11,nofxd1,1e,add,hall,nofxd2,d1,task_scheduler_init,range,error,unsigned,loopnum,header,winapi,4244,otype,type,ref,divq,xd2,serial,buffer2,math,price,18f,2316419,test,endif,xd1,pthreads,enable_tbb,otime,compatible,omp,malloc,volatility,sqrt,nthreads,781477937,dividend,parallel_for,outputfile,value,xden,8000000,check,rate,common,num,rv,sizeof,vals,negnofxd1,__thread,divs,using,negnofxd2,fopen,buffer,output,356563782,win32,256,use,25,nums,atoi,read,pthread,argc,decimal,maturity,wait_for_end,821255978,undef,char,years,used,__parsec_string,handle,end,number,argv,operator,fflush,1yr,working,defined,spot,39894228040143270286,243,variables,tid_ptr,parallel,size,corp,330274429,float,reducing,local,file,doall,num_runs,unable,work,logvalues,black,enable_threads,tid,line,true,244,match,create_with_arg,calcs,calling,write,linesize,spaces,blocked_range,usage,hooks,exit,delta,split,sign,john,openmp,begin,xinput,namespace,threads,expiration,hull,void,long,createthread,free,xtime,private,timet,start,infinite,term,pad,open,warning,log,define,100,return,close,exp,tick_count,tids,normal,threaded,windows,time,enable_openmp,runs,strike,fabs,disable,string,negative,null"
Kmeans,"include,containing,numattributes,stdlib,types,format,o_rdonly,unistd,wtime,fgets,usage,following,eof,infile,file,continue,omp_get_wtime,threads,fclose,limits,omp,sizeof,nloops,isbinaryfile,stdio,attributes,fopen,error,fcntl,allocate,attribute,printf,ignore,numobjects,stderr,argv0,txt,optarg,nclusters,line,main,input,read,int,opt,clusters,binary,open,fprintf,2f,objects,1024,break,cluster,argc,optind,clustered,help,cluster_centres,extern,memcpy,void,sys,filename,output,buf,argv,string,default,completed,strtok,atoi,getopt,process,malloc,001,id,char,free,arribute,getenv,double,atof,kmeans,close,threshold,null,data,space,rewind,number,0600,float,exit,case,value,centers,math,switch,return,switches,time,timing"
Lud,"version,suite,gcc,wrapper,compiler,end,file,stdlib,lud_omp,description,include,filename,32,liang,lf,uva,main,stdio,unistd,optarg,func_ret_t,error,break,fprintf,specified,omp_num_threads,val,const,cs,revision,exit_failure,exit,creating,struct,printf,char,company,argc,08,int,optind,stderr,34,default,lw2aw,supported,author,void,exit_success,currently,create,argv,created,use,matrix_dim,2009,long_options,invalid,ms,lud_verify,22,atoi,missing,pm,print_matrix,option,ret,free,internally,threads,mm,reading,input_file,extern,usage,create_matrix_from_file,10,virginia,edu,lud,matrix,getopt_long,static,create_matrix,instead,matrix_size,common,getopt,has_arg,opt,vs,size,stopwatch_start,generate,switch,verify,input,assert,function,null,do_verify,stopwatch_stop,option_index,time,ret_success,matrix_duplicate,sw,40,argument,case,stopwatch,wang,get_interval_by_sec,float,consumed,flag,1000,return"
Bfs-rodinia,"omp_set_num_threads,num_omp_threads,no_of_edges,no_of_nodes,omp_offload,struct,num_threads,code,num_thread,stdlib,structure,input_file,open,input_f,omp_get_wtime,file,omp,using,stored,int,include,printf,fpo,fclose,bool,program,string,h_graph_edges,define,ifdef,h_graph_nodes,fscanf,thread,node,lf,edge_list_size,void,h_updating_graph_mask,txt,fopen,fp,endif,fprintf,loop,read,hold,unsigned,argc,stdio,error,h_graph_mask,argv,source,h_graph_visited,compute,bfs,memory,char,sizeof,set,stderr,usage,id,data,target,initalize,end_time,atoi,pragma,reading,apply,allocate,line,value,starting,start,edgeno,stop,free,tesing,map,bfsgraph,start_time,main,graph,stops,false,exit,return,information,tree,malloc,h_cost,host,cuda,parallel,tid,result,mask,store,true,cleanup,mem,changes,math,traversing,double,cost,time"
Nn,"rec_length,max_args,max_dist,max_idx,latitude_pos,rec_count,target_long,tmp_long,db,dbname,struct,size,fstream,records,filelist,iostream,target_lat,cstdlib,coordinates,ofstream,record,10,latitude,rec_window,output,is_open,28,resize,tmp_lat,number,std,neighbor,neighbors,location,10000,nearest,string,define,int,vector,txt,ifstream,return,value,input,fp,omp,argv,shared,read,set,eof,argc,sqrt,49,include,parallel,flist,pragma,sscanf,atof,cmath,float,barrier,open,opening,reading,getenv,cout,double,char,entry,cerr,main,atoi,close,initial,perror,gcount,dist,error,arguments,sandbox,time,private,exit,invalid,bad"
BT,"defined,jmaxp,do_not_allocate_arrays_with_dynamic_memory_and_as_single_dimension,wm1,imaxp,jmax,xxcon1,xxcon5,define,class_npb,imax,exact_solution,code,add,error_norm,xxcon2,problem_size,xxcon4,vm1,xxcon3,dnzm1,tz1,matmul_sub,t_xsolve,c2dttz1,jp1,wp1,dttz1,x_solve,compiled,c2dttx1,binvrhs,z_solve,parameters,prototypes,im1,dz1tz1,12x12x12,con43,compiletime,t_add,set_constants,conz1,t_zsolve,include,dz5tz1,solves,con16,unpacking,solution,problem,addition,dnxm1,compilerversion,t_rdis1,c5dssp,dttz2,solve,tmax,npbparams,dzmax,dz4tz1,dz5,dx1tx1,tmp1,102x102x102,dx5tx1,comz5,kmax,tz3,dy5ty1,dttx1,dz2tz1,dx1,1020x1020x1020,dttx2,tx1,c1c5,xcr,dx2tx1,jm1,162x162x162,y_solve,zzcon1,comz6,dy3ty1,dx3tx1,zzcon5,initializes,reference,tz2,matvec_sub,t_ysolve,mflops,npbversion,dx4tx1,c4dssp,2d,kp1,vp1,dz4,function,dz3,dz3tz1,dtty1,comz4,c2dtty1,using,dz1,rhs_norm,dxmax,24x24x24,dy5,dy4ty1,lhs_vector,setting,c2iv,dx5,use,dtdssp,dy1,compute,comz1,yycon5,tx2,t_rhsx,dy2ty1,redist2,jstart,xsolve,dy1ty1,dz2,zzcon4,tmp3,sub,t_rdis2,compute_rhs,cs1,labeled,dx2,t_total,dt_default,km1,c2,generate,factoring,tmp2,dtty2,block_size,redist1,section,cs5,cs2,set,defaults,zzcon3,dy2,dnym1,boundaries,isize,dy4,initialize,dx4,dx3,c1c2,dy3,int,yycon1,grids,c5,c1,4dx,yycon4,binvcrhs,avoid_warning,zzcon2,408x408x408,iterations,linear,elements,n3,t_rhs,162,xcrref,0e,provided,ix,ip1,cblock,grid_points,c3c4ty3,tx3,ic,jc,error,initializing,c3c4tx3,cc,niter_default,gridsize,dymax,yycon3,24,routines,xcedif,25,cell_size,c4,rms,field,elimination,cs3,c3c4tz3,grid,cs4,form,interpolated,lhs,norms,element,c3,c3c4,t_rhsz,exists,serial,boundary,rhsx,um1,variables,4638531260002e,xcrdif,c1345,cs6,step,simple,term,7782212022645e,epsilon,lf,routine,4d,mode,bvec,nonzero,28023,block,ws,version,ty3,qs,250,2f,yycon2,pxi,special,b_inverse,computes,dtpp,interpolation,coeff,density,36211053051841265e,exact_rhs,substitution,ty2,dssp,rho_inv,zsolve,05,xceref,failure,20,64,bblock,u_exact,ty1,based,forcing,3f,static,indices,line,12,void,including,sizeof,64x64x64,used,level,npb,variable,bb,11,istart,flux,fluxes,norm,4e,ablock,rho_i,peta,pface,multiply,bt,2e,5646025644535285e,1089845040954e,file,main,reinitialize,transfinite,6f,elapsed_time,cpp,storing,endif,xce,t_rhsy,preload,values,6835623860116e,13,dtemp,matrix,2975252070034097e,15423530093013596e,xi,c_print_results,2346393716980e,ysolve,factors,rhs,10,make,steps,aa,determine,hpp,convenient,timer_start,4327562208414e,point,benchmarks,02,triangular,subroutine,13e,9739814511521e,inputbt,unknown,timer_clear,tolerance,sqrt,9330522590150238e,cell,3905864038618e,kstart,15,dt,2348416040525025e,begin,7765512765309e,no_time_steps,backsub_info,starters,102,200,global,8s,square,50793239190423964e,03,3478,residuals,kinetic,data,loaded,tridiagonal,parallel,face,residual,dissipation,1125590409344e,9462517622043e,total,cases,difference,computed,fp,t_names,04,6436421275166801e,kc,01,uijk,6065737200368e,eta,1180007595731e,00,ksize,overkill,1020,assumes,7034283709541311e,floating,argv,1319730901220813e,6692480136345650e,argc,5352565376030e,outer,sizes,zsol,energy,differences,1018045837718e,5195666782961927e,7379901770829278e,rhsz,4419655736008e,2533188551738e,3973765172921357e,size,37087651059694167e,sign,13302387929291190e,3821238632439731e,vs,value,secs,8d,2006925323559144e,fgetc,t_last,zeta,2485447959084092e,iz,3699051964887e,2527926989486055e,2707541254659363e,3100009377557e,null,benchmark,failed,2092419572860e,avec,exact,11497107903824313e,8e,inner,tri,08,vijk,double,2459576151035986e,ce,2424086324913e,vectors,direction,unknow,assume,test,takes,2710329767846e,fclose,root,known,common,100,vector,niter,hand,timer_read,pzeta,output,3122573342210174e,loops,62398116551764615e,false,comparison,zero,send,corner,cells,1392138856939e,timeron,treat,2467606342965e,thing,06,4390282496995698e,11604087428436455e,2638427874317e,loop,2469174937669e,pack,assumed,store,timer_stop,max"
Hotspot,"sim_time,gettimeofday,get_time,microseconds,timeval,tv_sec,tv_usec,end_time,start_time,compute_tran_temp,time,omp_set_num_threads,num_omp_threads,schedule,computing,seconds,amb_temp,tv,stdlib,threads,str_size,num_thread,transient,struct,block_size_c,temp_file,block_size_r,block_size,t_chip,__mic__,fputs,spec_heat_si,chip_width,long,static,300w,omp_offload,chunks_in_col,256,factor_chip,max_pd,001,grid_width,sprintf,fp,calloc,c_end,stderr,simulation,tstep,ambient,c_start,grid_cols,stdio,temp,typedef,power_file,tcap,memory,pfile,tmp,using,10mm,chip_height,std,grid,parallel,namespace,omp,chip,output,update,tfile,sts,inputs,output_file,printf,grid_height,format,num_chunk,0005,set,sizeof,fprintf,continue,num_iterations,current,fgets,endif,16,int,push,unable,chunk,error,package,model,iterating,offload_attribute,0e6,maximum,rx_1,str,r_end,possible,ts,sw,sscanf,k_si,routine,mic,r_start,read_input,grid_rows,open,iterations,define,fclose,main,rz_1,shared,void,ry_1,writeoutput,include,stdout,col,rx,return,file,3f,target,single_iteration,ending,016,iteration,advances,exit,array_size,chunks_in_row,free,containing,capacitance,dissipated,usage,required,size,invalid,pop,integer,const,parameters,solver,input,sys,discretized,null,opened,power,max_slope,fitting,ifndef,returns,ifdef,try,cap_1,arrays,1000,temperatures,75e6,temperature,start,result,pragma,factor,final,read,simd,precision,fopen,step,rz,solves,si,cleanup,number,ry,solution,index,total,transfer,1000000,allocate,equations,results,vim,80,single,cell,trz,et,atoi,argc,100,val,check,initial,ai,lines,vect,argv,driver,cap,feof,density,char,ofile,map,fatal,verbose,converts,rows,firstprivate,float,differential,private,reading,heat,difference,simply,edge,row,values,say,columns,degrees,validity,corner,delta,assuming,positive"
Backprop,"1994,history,university,stdio,currently,included,fcntl,shufelt,eta,oldw,sigmoid,stdlib,oct,15,allocate,che,include,eo,fclose,l1,ndelta,errsum,94,mellon,prepared,ly,fopen,shuai,new,pfile,srand,rand,nly,pragma,hid,conn,_i,malloc,modified,24,carnegie,endif,len,temporary,bpnn,fd,initzero,jeff,schedule,681,unistd,drnd,omp,nreading,int,_l,initialized,exp,abs,n1,contains,dbl,120,nh,net,unsigned,1d,err,backprop,reading,bpnn_initialize,hid_err,_to,fwrite,nj,0644,n3,error,hidden_delta,ptrs,shared,given,hidden,forward,bpnn_hidden_error,bigrnd,l2,unit,read,js,set,eh,printf,couldn,hidden_units,computations,number,memcnt,dx,n2,second,fully,n_hidden,register,thresholding,math,seed,bpnn_read,new_dw,sum,dvalue,open,bpnn_create,firstprivate,hidden_n,threshold,char,space,squashing,dpn1,bpnn_layerforward,omp_set_num_threads,bpnn_feedforward,2d,alloc_2d_dbl,automatically,alloc_1d_dbl,allocated,newnet,_from,delta_h,saving,file,function,n_in,num_thread,target,bpnn_internal_create,creates,close,bpnn_randomize_row,reduction,compute,ifdef,mem,free,input,numbers,activations,neural,bpnn_free,out_err,parallel,bpnn_output_error,bpnn_train,random,extern,fastcopy,bpnn_save,adjust,randomly,delta_o,define,inputs,units,squash,void,output,scratch,input_units,storage,static,rand_max,output_units,delta,private,momentum,fall,n_out,return,filename,bpnn_randomize_weights,floats,hidden_weights,sizeof,output_delta,network,input_n,bpnn_adjust_weights,hidden_prev_weights,layer,output_n,generator,float,connected,feed,weighted,bpnn_zero_weights,null,array,weights,input_prev_weights,input_weights"
PuReMD,"reax_atom,molecular,reaxff,cuda_copy_atoms_host_to_device,reax_system,cuda_copy_mpi_data_host_to_device,hip_copy_atoms_host_to_device,software,ret_pmd,hip_copy_mpi_data_host_to_device,gnu,cuda_system_props,reax_list,mpi_comm_world,reax_param,cuda_copy,copyright,cuda_copy_grid_host_to_device,config,version,cuda_evolve,avcm,rvec_scaledsum,cuda_reset_tools,rvec_scaledadd,mpi_wtick,pdb,diff,jcfogart,puremd_success,2010,cuda_reset,cuda_environment,rvec,hip_copy_grid_host_to_device,retries,gpu_device_pack,http,cuda_setup_environment,www,free,cuda_init_md,puremd_handle,purdue,comm_atoms,system_props,dynamics,cuda_print_mem_usage,atoms,org,hip_system_props,puremd,cuda_initialize,mpi_barrier,const,usf,published,cuda_compute_kinetic_energy,nve,simulation,puremd_failure,vcm,cuda_cleanup_environment,cuda_post_evolve,mpi_datatypes,fprintf,university,cuda_generate_neighbor_lists,nprocs,__file__,redistribute,cuda_forces,init_md,retrying,haktulga,program,foundation,cuda_remove_com_velocities,bgf,mpi_data,hip_copy,io_tools,fogarty,grama,distributed,have_cuda,energy_update_freq,cuda_neighbors,comm_mesh3d,simulation_data,cuda_compute_forces,modify,analysis,integrate,add,metin,stderr,smalloc,environment,details,num_retries,ported,2f,simulate,write_binary,master_node,write_pdb_file,evolve,hip_print_mem_usage,allocate,cuda_compute_center_of_mass,hip_reset_tools,hip_reset,hip_init_md,sagar,kinetic,useful,info,hip_initialize,get_atoms,hip_evolve,write_binary_restart_file,hip_compute_kinetic_energy,ananth,processes,pmd_handle,my_atoms,vector,hip_generate_neighbor_lists,licenses,include,comm_tools,cuda,enabled,static,d_workspace,rvec_cross,mpi_comm_rank,secs,hip_setup_environment,hip_compute_center_of_mass,binary_restart,compute_kinetic_energy,traj,true,translational,int,hip_environment,analyze,restart_freq,general,terms,xcm,warranty,control_params,ret,aktulga,term,hip_remove_com_velocities,hip_compute_forces,pandit,ensemble,write_ascii,post_evolve,license,mpi,edu,d_my_grid,globally,hip_cleanup_environment,cannot_initialize,ffield_file,debug,f_0,mpi_comm_size,read_pdb_file,nsteps,hasan,joseph,elif,compute_total_energy,tool_box,synchronize,setup,defined,particular,ascii_restart,error,control,initial,ayg,energy,generate,reset_tools,mass,read_config_files,hip_post_evolve,cuda_finalize,endif,unknown,synchronizing,cuda_init_block_sizes,custom,sfree,files,read_binary_restart_file,hip_forces,invalid_geo,file,public,have_hip,return,compute_center_of_mass,control_file,read_geo_file,todo,cs,compute_forces,write_restart_file,read_force_field_file,success,geo_tools,level,read_bgf,reached,second,center,option,data,compute,mail,reset,list_n,hip_neighbors,total,false,debug_focus,remove_com_vel,routine,write,bonds,deallocation,purpose,forces,restart,write_steps,mpi_abort,format,geo,temperature_control,allocation,step,merchantability,geo_file,restart_format,resolution,velocity,initialize,read,handle,t_mode,my_grid,hope,prev_steps,storage,generate_neighbor_lists,sizeof,time,geo_format,allocations,end,hip_init_block_sizes,remove,read_control_file,max_retries,allocated,hip,check_energy,excluding,callback,implied,workspace,void,rotational,lists,start,__line__,callback_function,fitness,hip_finalize,my_rank,out_control,setup_callback,get_time,timer,timing,read_restart_file,maximum,cleanup,logging,later,ffield,neighbor,char,neighbors,null,output_enabled,finalize,max_retries_reached,output_controls,output_results,clocks,terminating,cross,set_output_enabled"
MG,"parameter,parameters,t_init,implementation,static,class_npb,comm3,t3,compiletime,lt_default,rprj3,t1,t2,inhomogeneous,compiled,ie3,variables,prototypes,norm2u3,ie1,globals,adds,multigrid,functions,e3,rnm2,j1,define,j_temp,l2,ie2,j3,c_print_results,is1,n3,e0,is3,iostream,d1,rep_nrm,is2,d3,j2,npbversion,using,i3,e1,add,tmp,developed,i0,e2,d2,1c,z3,t_bench,global,nit_default,i1,benchmarks,program,include,interp,p_s,nx_default,compute,debug_vec,n2,n1,defaults,initialization,r1,0e,iteration,setup,z1,globally,use,allocated,m0,mm1,iterations,integer,i2,stack,openmp,based,mm3,a1,p_a,version,loads,lt,x1,a2,computes,3a,debug_default,cs5,cs1,npb,mg3p,applies,z2,nonzero,x2,enable,int,cs3,nz_default,mm2,3f,processor,coarsest,element,unknown,17,addition,y1,zran3,u1,benchmark,cs2,cpp,projects,fgetc,r2,mflops,current,void,data,jg,vector,grid,256,4d,y2,input,x0,m3,3d,arrays,elements,04,2a,2d,level,file,interpolation,cs4,finite,psinv,m3k,restrict,printf,verify_value,evaluates,coarse,denote,fscanf,m3j,communication,subroutine,18,m2,fp,coefficients,error,inter,15a,evaluate,routine,13,trilinear,ny_default,mg,nn,13a,argv,norms,19,3dx,m1j,m2k,loops,vectorizes,lb,14,044,21,boundaries,timer_read,15,approximations,fclose,20,main,argc,projection,approximation,20a,32,cr,cs6,zero3,cs7,handle,organizes,hpp,25,m2j,cache,null,machines,residual,12,2433365309e,verified,m1k,timer_start,sizeof,qu,14e,solution,rnmu,problem,norm,m1,183103168997d,point,common,resid,06,assumes,ai,verification,malloc,1m,64,530770700573e,dir,floating,small,tinit,nx,unused,debug,rdummy,coefficient,fopen,12a,16a,timer_clear,8s,loffjh,startup,pucrs,acad,points,coarser,line,250391406439e,535,aj,12e,10,power,read,infinity,resulting,need,args,lines,kk,br,separate,prolongate,boundary,sqrt,1024,180056440132e,assume,mm,vranlc,different,assumption,randlc,failed,löff,does,observe,dalvan,512,3m,report,0625,char,u2,case,timer_stop,314159265,note,respectively,8e,info,false,33,presuming,chosen,sort,periodic,com,cycle,information,looks,nj,nz,rprj,570674826298e,apply,parallel,best,4m,multiplication,1037,title,precision,number,charges,júnior,61,au,slightly,general,result,probably,nas,true,ind,zero,fine,58,broadcast,subtraction,candidates,reading,125,size,real,pow,temp,approximate,completed,uniform,ny,direction,return,showall,random,numbers,performance,chebyshev,shouldn,xx,epsilon,raises,seconds,double,randomly,inverse,gmail,disguised,negative,borders,smoother,exchange,large,costs,min,eighth,time,quite,boolean,eliminated,nit,weight,bubble,correction,successful,edges,exit,positive,griebler,corners,fabs,performed,better,correct,axis,quarter,40,half,passed"
Pathfinder,"pin_stats_pause,pin_stats_reset,pin_stats_dump,cycles,clamp_range,timer,macros,pathfiner,fprintf,printf,in_range,time,run,num_of_steps,temp,startcycle,stdlib,endif,m_seed,parallel,int,pragma,exit_success,data,error,ifdef,define,omp,stopcycle,cols,bench_print,delete,void,init,argc,include,long,dst,argv,stderr,exit,10,usage,stdio,new,seed,unsigned,src,lu,rows,char,max,result,atoi,fatal,rand,srand,main,assert,width,return,wall,min,private"
CG,"timer_clear,timer_read,timer_file,compiletime,timer_stop,naa,nullptr,niter,npb3,0e,timer_start,nzz,void,nn1,nzv,t_last,nzloc,na,nnza,npbversion,t_conj_grad,t_bench,define,nz,nrows,bool,t_init,int,nonzer,timer,130235054029,endl,clss,print_results,static_cast,time,nza,rho0,delete,timeron,nzrow,string,completed,iostream,seconds,cg,arrays,cgit,char,print,nzmax,pow,icnvrt,norm_temp2,close,cs3,lastcol,norm_temp1,t_names,jcol,j1,iteration,iterations,bmname,init,ifstream,setw,ipwr2,j2,break,fstream,28,13,error,benchmarks,benchmark,cs4,26,amult,set,cs1,label40,ivc,va,rcond,failed,conj_grad,21,unknown,val,1500,17,1220703125,mark,cs2,15,tmax,rnorm,aelt,iv,secs,resulting,elements,acol,continue,optype,cmath,point,fstatus,1400,tran,cs7,514532105794,309,25,class,kk,cs5,12,initialization,problem,label60,314159265,cs6,lastrow,11,22,362595087124,rho,ivelt,iouter,include,cgitmax,mflops,vecloc,conjgd,vc,712745482631,ii,double,randlc,sparse,new,52,20,verified,973605592845,vecelt,cout,522164599383,vecset,ser,l999,verification,abs,performed,10,false,total,benchmk,5971775078648,zeta_verify_value,zeta,main,floating,return,150000,sqrt,nas,scientific,makea,firstcol,fixed,sum,14000,alpha,110,7000,arow,1500000,sprnvc,internal,parallel,goto,err,77,space,duplicate,section,successful,true,9000000,size,75,ratio,beta,matrix,good,epsilon,exceeded,100,60,shift,firstrow,1000000,75000,correct,flag,std,colidx,scale,rowstr,500"
LU,"cstring,compiletime,print_results,timer_read,namespace,read_input,fstream,cs4,t_names,cs5,bool,cs3,function,setcoeff,class,iostream,cs2,t_last,t_rhsx,using,t_rhs,include,cs1,pintgr,compute,secs,input,timeron,cmath,iterations,fstatus,t_rhsz,cs6,t_rhsy,char,iteration,setbv,int,variables,endl,based,read,main,ssor,setiv,maxtime,timers,section,mflops,error,data,std,integral,rsdnm,double,set,l999,frc,npbversion,27770,nx0,time,10923,point,cout,values,verification,144010,perform,initial,lu,verified,pages,rhs,rest,total,goto,tmax,trecs,term,floating,boundary,itmax,coefficients,verify,ny0,float,errnm,sizes,nz0,test,domain,return,touch,prescribed,exact,solution,surface,1984,forcing,100,dependent,erhs,77,1000000,reset"
Nw,"pin_stats_pause,pin_stats_reset,pin_stats_dump,cycles,clamp_range,timer,macros,pathfiner,fprintf,printf,in_range,time,run,num_of_steps,temp,startcycle,stdlib,endif,m_seed,parallel,int,pragma,exit_success,data,error,ifdef,define,omp,stopcycle,cols,bench_print,delete,void,init,argc,include,long,dst,argv,stderr,exit,10,usage,stdio,new,seed,unsigned,src,lu,rows,char,max,result,atoi,fatal,rand,srand,main,assert,width,return,wall,min,private"
Myocyte,"include,embedded_fehlberg_7_8,stdlib,file,omp_set_num_threads,setup,printf,define,function,stdio,int,instances,files,use,command,stages,equations,error,main,openmp,omp,solver,master,allocate,txt,shared,print,omitted,end,parameters,sizeof,13,application,execution,line,parameter,display,fp,read,16,cam,threads,fin,12f,computation,pragma,ecc,initial,input,workload,argc,particular,simulation,argv,status,tolerance,10f,memory,total,deallocation,string,mode,long,char,run,malloc,arguments,ty,data,91,atoi,params,variables,timer,ttime,number,xmax,60,spent,time5,counters,math,arrays,xmin,float,free,different,change,numbers,time3,results,values,equal,time4,interval,80,private,time0,time2,span,40,0gb,100,decrease,time1,parallel,incorrect,time,check,get_time,trying,timing,return,myocyte,1000000,1000000000"
DC,"typedef,include,stdlib,compiled,omp_get_thread_num,types,c_lib,int32,struct,omp_get_max_threads,code,optype,parseparfile,compiletime,_openmp,uint32,file,uint64,par_view_st,c_print_results,clss,threads,class,totalofviewrows,ifdef,program,adc_view_pars,newadcviewcntl,adc_view_cntl,omp,adc_par,unix,c_inc,npbparams,stdio,pvstp,generateadc,ctype,64,endif,unistd,npb3,int,computegivengroupbys,macrodef,adccntl,cc,checksumwlo,npbversion,showadcpar,sizeof,using,stderr,defaults,cflags,numberofmadeviews,totalnumberofmadeviews,itimer,parameters,tm0,parameter,adc_ok,totalviewsizesinbytes,par,available,totalviewtuples,parp,filename,input_tuples,checksumblo,rb,700453,464620213,t_total,tm_max,totalviewfilesize,define,max_number_of_tasks,adccntlp,bin,totchs,timer_read,avp,n3,checksumwhi,parfname,fprintf,nnumber,npb,views,memorylimit,clinkflags,isdigit,3f,stdout,shared,puterrmsg,adc,adcpp,tasks,benchmarks,0f,example,retcode,string,12d,argc,clink,12e,input,timer_clear,main,blocksize,n1,warning,20,default,break,itsk,long,adcinpfilename,1024,dc,sys,nd,434318,checksumbhi,tuplenum,closeadcview,n2,argv,timer_start,char,void,errno,checksumalo,adcname,usage,ninputrecs,passed_verification,verificationfailed,mnum,pnum,pragma,checksumahi,2f,max_timers,strcpy,size,checksum,benchmark,memory,tuples,1401796,case,nm,null,timers,parrun,attrnum,atoi,7141688,free,generated,timer_stop,dim,9348365,niter,maximum,verification,malloc,parallel,argument,50,ndid,paramter,initadcpar,exit,ntasks,verified,178042,number,failed,verify,tree,checksums,estimated,double,partitioncube,math,results,nodes,private,reached,nas,switch,mops,return,critical,returned,skipped,1000000,time"
IS,"class,int_type,type,c_test_rank_array,a_test_rank_array,w_test_rank_array,total_keys,total_keys_log_2,c_lib,typedef,s_test_rank_array,code,key_array,num_buckets_log_2,b_test_rank_array,use_buckets,key_buff1,compiler,key_buff_ptr,key_buff_ptr_global,d_test_rank_array,w_test_index_array,a_test_index_array,c_test_index_array,define,test_rank_array,values,s_test_index_array,num_buckets,b_test_index_array,initialize,num_keys,key_buff_ptr2,stdlib,d_test_index_array,gen,key_rank,key_buff2,c_inc,max_key,max_key_log_2,procs,test_index_array,partial_verify_vals,max_iterations,npbparams,initialization,test_array_size,benchmarks,ifndef,use,full_verify,optype,section,ifdef,c_print_results,1l,ranks,n1,default,include,int,function,data,sequence,compiletime,compute,size_of_buffers,main,initial,ld,npbversion,a1,set,variables,npb,create_seq,benchmarking,t_total,pointers,rank,iteration,iterations,benchmark,11,prototypes,static,cc,10,stdio,fclose,add,a2,bucket_ptrs,cflags,t1,n3,16,passed_verification,generate,ranked,npb3,used,endif,ranking,test,17148,x1,seq,def,determine,ks,tests,array,untimed,fopen,n2,printf,indexes,vals,r23,mod,start,execution,23,r46,pages,19,make,arrays,sort,char,argc,27,fp,21,key,register,clear,11698,nadditional,18,parts,clinkflags,end,partial,3f,making,seed,accumulative,keys,total,randlc,20,timer_read,information,sorted,processors,bucket_size,25,observe,maximum,61147,valid,sorting,clink,operation,niter,null,argv,31,t46,ser,obtain,verification,timer_clear,occurs,say,verif,1249,load,timer_start,64,t4,4431,printout,46,346,void,t3,17523,t23,info,long,print,41869,tables,guarantee,10244,counter,t_percent,266290,00,59149,133525895,reassigned,123928,5336171,875723,898999,812306,different,21736814,final,104,72999161,65463,23627,finally,count,64917,global,proper,verify,individual,file,26860214,8388264,number,1317351170,2f,sizes,respective,additional,1043896,free,successively,1048018,2112377,33135281,50,cases,bucket,size,nas,necessary,357773,8288932,appropriate,2145192618,interation,3642833,differently,case,break,1039987,timers,mult,timer_on,parallel,44172927,x2,timer_stop,129606274,133997595,1978098519,314159265,36538729,copy,timer,local,t2,work,1220703125,62548,copies,18232239,48427,changing,1503301535,995930646,99,population,5102857,confirm,return,flag,subsequent,662041,1157283250,74326391,shift,2147425337,934767,100,33422937,882988,switch,random,404505,change,correctly,mops,shifted,1453734525,1000000,failed,incorrectly,double,4250760,probably,timecounter,slows,timing,time"
Lulesh,"copyright,livermore,source,pfy6,warranties,warranty,pfy7,collectdomainnodestoelemnodes,pfy1,security,pfy5,permitted,pfy2,pbvc,pfy0,contributors,pfy4,org,volume13,permission,pfy3,documentation,calcmonotonicqgradientsforelems,disclosed,calcpressureforelems,calcforcefornodes,cbrtf,h03,domain,http,allowable,rights,pfx7,pfx6,liability,calcqforelems,pfx5,dz63,calcvelocityfornodes,calchydroconstraintforelems,dx63,contract,dz64,111111e,bcs,dz61,pfx1,disclaimer,licenses,allow,evaleosforelems,dx64,opensource,calccourantconstraintforelems,cbrtl,pfx0,fb,n5si2,pfx4,pfy,pfx3,liable,trademark,pfx2,h02,461231,nd5i,dx61,calcenergyforelems,calcvolumeforceforelems,eta_p_free,07na27344,provided,comphalfstep,dy64,dz57,nd6i,nd7i,dz72,cbrt,numnodebc,fjxet,h01,h00,dx72,hgfx,file,updatevolumesforelems,calcmonotonicqforelems,dy50,link,dz14,dz31,dx57,applymaterialpropertiesforelems,dy63,elemement,volinv,n6si2,948746e,n1si2,bsd,n7si2,numnodesperelem,pfx,dz43,cjxet,pfz7,fjxze,pfz6,refdens,dz50,nd2i,authors,dx31,holders,calcfbhourglassforceforelems,pfz1,i03,pnewc,64,dy61,release,dy31,procurement,ac52,dy57,access,dz70,volumes,n0si2,version,n5,n7,infringe,pfz5,n6,fp,included,n3si2,responsibility,dx50,private,allows,dy14,n4si2,dy72,n2si2,determ,hgcoef,nd3i,llnl,dx43,calcaccelerationfornodes,jacobian,runnable,noted,cjxze,bcmask,nd0i,elembc,fjxxi,declaration,volumeerror,cofactors,fprintf,dz25,eta_p,placeholder,2010,cjyxi,0x030,pfz2,dx70,dzddx,dx14,required,pfz0,bvc,nd4i,dyddx,hydro_elem,privately,eta_m_free,contributions,vdov,hydro,delvxeta,pmin,voluder,nd1i,printf,reference,wb,copy,pfz3,initstresstermsforelems,endorsement,dy70,dy43,calcelemcharacteristiclength,pfz4,allocatenodesets,n2,negligence,public,vchalf,llc,calckinematicsforelems,dx25,calcmonotonicqregionforelems,www,distribution,dz20,require,n3,stdlib,m_dtcourant,dxv,m_dthydro,manufacturer,indx,allocateelempersistent,ssc,owned,0x004,phalfstep,dy25,pfz,allocatenodalpersistent,0xc00,dxddz,ss1,m_elembc,hgfz,dxi,deviatoric,delxj,dthydro,tolerance,bisectx0,fjzxi,m_hgcoef,col,sumelemfacenormal,fclose,01,requires,m_nodelist,merchantability,n4,error,n1,c1s,produced,numelem8,vdovthird,i01,cache,box,totalabsdiff,sumelemstressestonodeforces,dzk,integer,bisectx1,lnode,__attribute__,lxim,llns,calcforce,limited,cjzze,dzi,quantities,including,disclaimed,idx,i02,prevent,dtdvov,0x003,cjxxi,6f,fjzze,modification,dtf,endorse,include,sigxx,numelems,dvdx,0x00c,calcelemfbhourglassforce,m_letap,information,delvc,targetdt,dxj,block,strict,temporaries,mass1,national,dvdy,hgfy,333333e,dx20,product,qqc2,ielem,vnewc,m_sizex,dvdz,n0,redistributions,software,bisectz1,0e,xv6,i00,redistribution,stdio,deposit,constitute,written,6e,fjyxi,nelapsed,purposes,absdiff,fy,xv7,zeta_p_free,damages,update,belytschko,dzv,eta_p_symm,0x008,fz,zv1,implementation,0x010,0x002,charlength,dy20,ds,asc,delxk,sstmp,enewc,vnew,free,zv2,fopen,m_monoq_limiter_mult,ss4o3,constraint,bisectz0,commnodes,need,cjyze,allocateelemtemporary,lxip,fy_local,delx_eta,needed,hexahedral,numelem,xv5,lawrence,iz,typename,xi_p_free,m_elemmass,eta_m,cjzxi,0x080,temporary,tmpv,dxddy,dxk,extent,xv2,elemx,xdtmp,vc,planeinc,12,determinant,retain,calcelemnodenormals,integratestressforelems,hourmodx,zv5,localnode,numnode,calclagrangeelements,1e,yv7,yv6,m_fx,dzz,zv0,zv7,qlc_monoq,delvxxi,dvovmax,commsbn,volume,m_delx_eta,symmy,laboratory,nidx,y7,derivatives,i2,void,bytes,delx_xi,monoq_limiter_mult,zv6,m_ss4o3,0x040,density,real8,x6,out_file,zv3,support,names,dtcourant,calcelemshapefunctionderivatives,elemnodes,subscript,calcsoundspeedforelems,expose,m_delv_xi,storage,m_delx_xi,fjzet,creation,elemset,cjzet,conditions,zv4,notice,ydd,0x300,xdd,newdt,department,0x001,m_delv_eta,typedef,m_vdov,fabsf,applyaccelerationboundaryconditionsfornodes,m_eosvmin,xv1,sigzz,m_delv,y6,m_fy,monoq,calchourglasscontrolforelems,maxabsdiff,yv5,courant,125,elemmass,ss,az,dzj,0x0c0,binary,viscosity,xv3,dxx,courant_elem,nodal,phieta,material,bisecty0,vol,calcpositionfornodes,tx,m_lxim,monotonic,products,possibility,zeta_m_free,delxi,nodelist,bulk,25,m_qqc_monoq,elemtonode,norm,i1"
STREAM,"clustering,clustersize,copyright,cluster,clusters,resource,pkmedian,streamcluster,include,copycenters,member,contcenters,pkmedian_arg_t,pthread_cond_initializer,members,kmax,deng,byte,comparator,online,authors,pthread_cond_broadcast,is_a_median,version,membership,memoryfloat,stdlib,__parsec_roi_end,join,algorithm,accumweight,stream,jia,structure,main,const,dest,randomize,aggregate,consistancy,simstream,randomization,localsearchsub,__parsec_roi_begin,list,iterations,10,selectfeasible_fast,p1,kmedian,__parsec_streamcluster,idoffset,free,limits,chunksize,coninuation,kcenter,pthread_mutex_initializer,deallocate,public,entire,cache_aligned_allocator,outcenterids,numcenters,init,2008,bsize,bottleneck,kfinal,memory,struct,pstream,parallelized,iteration,feasible,pgain,allowed,int_max,pthread_cond_t,sizeof,totalcost,memoryint,fields,gl_number_of_centers_to_close,memorypoint,iostream,allocate,tbb_version,copy,pfl,dimension,dimensionality,k1,assignment,memorylong,fstream,index,data,fact,chunk,cond,memorybool,maxnamesize,global,savemoney,stdio,dimensions,copying,proc_number_of_centers_to_close,num,filestream,extra,localsearch,continuation,table,memset,coord,working_mem,rb,threads,class,tgl_number_of_centers_to_close,infile,intshuffle,tbb_stealer,savemoneytask,complete,enable_parsec_hooks,lf,08x,numfeasible,relative,field,university,grain_size,center_table,relweight,p2,search,switch_membership,iter,pthread_barrier_destroy,cl,build,iterate,__parsec_bench_begin,local_total,sample,pthread_join,fprintf,__parsec_bench_end,gl_lower,guarantee,benchmark,facilities,stderr,hpp,assign,int,fopen,contreras,multiple,loz,quantity,nproc,num_divisions,fflush,parsec_version,local_number_of_centers_to_close,centersize,work_mem,need,hizreduction,reasonable,reducing,pthread_mutex_unlock,pthread_barrier_init,continue,save,tcenter_table,large,total,atoi,mem,mutex,occ_stealer,parsec_barrier,facility,printf,synthetic,k2,accordingly,floatcomp,centers,rhs,argc,centerids,number_of_centers_to_close,fp,kmin,solution,updated,necessary,following,parallel_reduce,intermediate,estimate,pthread_mutex_lock,sp,cache_line,memcpy,use,1024,allocate_child,is_continuation,lhs,endif,program,binary,using,divisions,reserved,reading,hizs,is_center,centertablecounttask,intarray,accounted,tells,file,outfile,scales,note,id,isn,rights,ptdimension,assigning,pthread_mutex_t,true,read,argv,master,realize,delete,fl,bool,loopa,open,tbb,thread,type,ii,approximate,center,assigned,gilberto,points_,ve,parallel,assert,arg_,points,strcpy,typedef,considered,random,malloc,accum,space,point,usage,princeton,parsec,size_t,given,cache,block,likely,sys,kk,integers,exceeds,tmp,gl_cost_of_opening_x,fclose,store,error,closer,compute,infilename,task_list,centerblock,designate,avoid,task_scheduler_init,32,ll,end,local,sequential,reduce,order,serial_fixcenter,private,lrand48,srand48,create,dist,pthread_barrier_t,suite,allocate_root,reassignment,std,centertablecount,increasing,clear,indicates,randomly,001,max,mark,log,generated,median,proc_cost_of_opening_x,length,location,arg,finally,calcuate,centeropen,outfilename,accurate,set_ref_count,mytotal,pthread_create,parallel_for,euclidean,speedy,ifdef,consider,dim,blocked_range,creates,isidentical,improvement,tgl_cost_of_opening_x,clean,saves,assumes,pid,split,unless,enable_threads,probability,pspeedy,close_center,recycle_as_continuation,acc_cost,code,n_,loopb,assume,step,saved,setting,just,fine,task,helps,new,local_cost_of_opening_x,working,filename,values,to_open,floating,gethiz,does,shuffle,pthread_cond_wait,finish,actual,increase,maximum,make,runs,hiz,reduction,totalweight,send,running,input,notify,long,centerclose,run,z_,times,virtual,myhiz,unsigned,ignore,reassigning,equal,identical,routine,barrier,starting,line,cheap,numread,numberofpoints,good,represent,begin,namespace,feof,proper,little,situation,range,higher,float,loopc,fixcenter,opening,represents,difficult,fread,longer,squared,weight,static,calloc,count,define,fixcentertask,lastcost,seed,repetitions,high,linearly,correct,temp,real,opened,0x,positions,called,pthread_t,decide,centerclosetask,number,gets,total_cost,chances,subtract,pthread,999,math,takes,cleaning,low,cost_of_opening_x,perform,building,don,centercreate,expensive,seeded,lowercosttask,operation,reassigned,stride,__parsec_string,hooks,ferror,x_,close,try,numbers,ups,array,speed,decrease,false,reflect,double,stop,break,result,distance,__parsec_xstring,measure,offset,gain,change,costs"
